TEAM_ID,TEAM_NAME,GP,W,L,W_PCT,MIN,FGM,FGA,FG_PCT,FG3M,FG3A,FG3_PCT,FTM,FTA,FT_PCT,OREB,DREB,REB,AST,TOV,STL,BLK,BLKA,PF,PFD,PTS,PLUS_MINUS,GP_RANK,W_RANK,L_RANK,W_PCT_RANK,MIN_RANK,FGM_RANK,FGA_RANK,FG_PCT_RANK,FG3M_RANK,FG3A_RANK,FG3_PCT_RANK,FTM_RANK,FTA_RANK,FT_PCT_RANK,OREB_RANK,DREB_RANK,REB_RANK,AST_RANK,TOV_RANK,STL_RANK,BLK_RANK,BLKA_RANK,PF_RANK,PFD_RANK,PTS_RANK,PLUS_MINUS_RANK,DEF_RATING,PACE,SEASON,TEAM_ABBREVIATION
1610612737,Atlanta Hawks,82,41,41,0.5,3971.0,3658,7574,0.483,882,2505,0.352,1513,1850,0.818,920,2719,3639,2049,1060.0,580,401,414,1541,1612,9711,24.0,1,17,17,17,8,1,3,9,26,28,21,16,20,3,9,12,10,18,3,18,12,21,6,19,3,18,115.4,101.56,2022-23,ATL
1610612738,Boston Celtics,82,57,25,0.695,3996.0,3460,7278,0.475,1315,3492,0.377,1436,1769,0.812,796,2921,3717,2186,1095.0,521,430,318,1542,1568,9671,535.0,1,2,2,2,1,13,15,14,2,2,6,24,28,4,20,3,7,7,7,27,6,4,7,25,4,1,110.6,99.15,2022-23,BOS
1610612751,Brooklyn Nets,82,45,37,0.549,3946.0,3399,6978,0.487,1048,2771,0.378,1449,1811,0.8,674,2648,3322,2093,1127.0,585,506,317,1730,1517,9295,70.0,1,9,9,9,29,21,28,7,9,13,5,19,25,7,29,20,29,13,14,16,1,3,25,28,20,15,113.5,98.77,2022-23,BKN
1610612766,Charlotte Hornets,82,27,55,0.329,3966.0,3385,7413,0.457,881,2669,0.33,1447,1932,0.749,901,2751,3652,2062,1164.0,634,425,471,1661,1667,9098,-512.0,1,27,27,27,12,22,6,29,27,18,29,20,17,27,12,10,9,17,17,9,8,29,17,13,27,27,114.7,101.47,2022-23,CHA
1610612741,Chicago Bulls,82,40,42,0.488,3981.0,3488,7116,0.49,854,2367,0.361,1446,1788,0.809,694,2779,3473,2006,1097.0,644,371,389,1551,1537,9276,106.0,1,19,19,19,4,11,21,4,30,30,16,21,26,5,28,9,22,20,8,7,19,18,8,27,22,13,111.5,99.18,2022-23,CHI
1610612739,Cleveland Cavaliers,82,51,31,0.622,3976.0,3408,6984,0.488,950,2589,0.367,1439,1844,0.78,795,2574,3369,2045,1094.0,586,384,360,1560,1675,9205,441.0,1,5,5,5,5,20,27,5,19,24,12,23,21,19,22,25,25,19,6,15,14,13,9,10,25,2,109.9,96.27,2022-23,CLE
1610612742,Dallas Mavericks,82,38,44,0.463,3986.0,3283,6909,0.475,1246,3362,0.371,1554,2057,0.755,625,2556,3181,1880,1002.0,514,304,312,1697,1789,9366,6.0,1,21,21,21,3,28,29,15,3,3,8,12,6,23,30,27,30,28,2,29,28,2,23,1,16,19,116.1,97.21,2022-23,DAL
1610612743,Denver Nuggets,82,53,29,0.646,3951.0,3574,7088,0.504,969,2559,0.379,1378,1834,0.751,828,2699,3527,2368,1192.0,618,368,344,1525,1601,9495,273.0,1,4,4,4,25,3,22,1,18,25,4,27,24,26,17,15,19,2,20,11,20,10,4,23,12,6,113.5,98.74,2022-23,DEN
1610612765,Detroit Pistons,82,17,65,0.207,3961.0,3244,7140,0.454,934,2659,0.351,1623,2106,0.771,916,2564,3480,1884,1237.0,574,308,453,1813,1718,9045,-674.0,1,30,30,30,18,29,19,30,20,19,22,4,2,21,10,26,21,27,25,20,27,27,30,3,29,29,117.8,99.88,2022-23,DET
1610612744,Golden State Warriors,82,44,38,0.537,3966.0,3538,7393,0.479,1363,3540,0.385,1314,1655,0.794,864,2793,3657,2446,1336.0,588,324,326,1756,1510,9753,148.0,1,11,11,11,12,5,8,12,1,1,2,29,30,9,14,7,8,1,30,14,25,6,28,30,2,11,113.4,102.54,2022-23,GSW
1610612745,Houston Rockets,82,22,60,0.268,3951.0,3329,7287,0.457,856,2619,0.327,1567,2078,0.754,1100,2695,3795,1835,1332.0,600,374,509,1679,1692,9081,-644.0,1,28,28,28,25,25,14,28,29,22,30,10,4,25,1,17,4,30,29,13,18,30,21,6,28,28,118.6,99.74,2022-23,HOU
1610612754,Indiana Pacers,82,35,47,0.427,3951.0,3444,7345,0.469,1112,3030,0.367,1535,1944,0.79,832,2575,3407,2213,1224.0,631,478,438,1741,1660,9535,-261.0,1,23,23,23,25,17,11,22,6,7,11,14,14,13,16,24,24,6,23,10,2,26,27,14,10,25,117.1,101.68,2022-23,IND
1610612746,LA Clippers,82,44,38,0.537,3966.0,3370,7060,0.477,1041,2734,0.381,1533,1962,0.781,803,2742,3545,1959,1167.0,580,364,344,1598,1606,9314,41.0,1,11,11,11,12,23,24,13,10,14,3,15,11,18,19,11,17,24,18,18,21,10,10,21,18,17,113.6,98.84,2022-23,
1610612747,Los Angeles Lakers,82,43,39,0.524,3976.0,3516,7298,0.482,885,2558,0.346,1691,2182,0.775,818,2930,3748,2072,1154.0,526,378,416,1466,1760,9608,47.0,1,14,14,14,5,8,13,10,24,26,25,2,1,20,18,2,6,15,15,26,16,23,1,2,6,16,113.2,101.92,2022-23,LAL
1610612763,Memphis Grizzlies,82,51,31,0.622,3956.0,3585,7551,0.475,985,2807,0.351,1432,1954,0.733,988,2835,3823,2135,1116.0,680,473,427,1643,1644,9587,323.0,1,5,5,5,22,2,4,16,16,11,23,25,13,30,4,4,2,9,12,3,3,24,14,16,9,4,110.7,101.5,2022-23,MEM
1610612748,Miami Heat,82,44,38,0.537,3961.0,3215,6991,0.46,980,2852,0.344,1567,1885,0.831,796,2533,3329,1955,1106.0,655,243,309,1516,1643,8977,-26.0,1,11,11,11,18,30,26,26,17,10,27,10,19,2,20,29,27,25,9,6,30,1,3,17,30,21,112.8,96.76,2022-23,MIA
1610612749,Milwaukee Bucks,82,58,24,0.707,3966.0,3504,7411,0.473,1217,3306,0.368,1364,1837,0.743,914,3074,3988,2115,1199.0,521,403,323,1481,1557,9589,298.0,1,1,1,1,12,10,7,19,4,4,10,28,23,29,11,1,1,12,22,27,11,5,2,26,8,5,110.9,101.45,2022-23,MIL
1610612750,Minnesota Timberwolves,82,42,40,0.512,3966.0,3515,7167,0.49,997,2731,0.365,1467,1942,0.755,749,2686,3435,2145,1258.0,657,444,336,1768,1654,9494,-3.0,1,15,15,15,12,9,18,3,14,15,13,18,16,24,26,18,23,8,27,5,4,8,29,15,13,20,113.1,101.55,2022-23,MIN
1610612740,New Orleans Pelicans,82,42,40,0.512,3971.0,3447,7180,0.48,899,2468,0.364,1585,2000,0.793,866,2717,3583,2122,1196.0,681,337,386,1678,1673,9378,155.0,1,15,15,15,8,16,17,11,23,29,15,8,10,11,13,13,13,11,21,2,24,17,20,12,15,10,112.0,99.58,2022-23,NOP
1610612752,New York Knicks,82,47,35,0.573,3991.0,3444,7328,0.47,1037,2930,0.354,1589,2087,0.761,1031,2790,3821,1880,1065.0,527,340,370,1666,1694,9514,240.0,1,8,8,8,2,17,12,20,11,8,19,7,3,22,3,8,3,28,4,25,23,14,18,5,11,7,114.2,97.75,2022-23,NYK
1610612760,Oklahoma City Thunder,82,40,42,0.488,3971.0,3533,7590,0.465,995,2797,0.356,1572,1944,0.809,934,2646,3580,2002,1070.0,676,341,454,1722,1675,9633,89.0,1,19,19,19,8,6,2,24,15,12,17,9,14,6,8,21,14,21,5,4,22,28,24,10,5,14,113.2,101.94,2022-23,OKC
1610612753,Orlando Magic,82,34,48,0.415,3956.0,3323,7074,0.47,883,2551,0.346,1607,2050,0.784,833,2713,3546,1906,1236.0,603,382,415,1652,1681,9136,-210.0,1,25,25,25,22,26,23,21,25,27,24,6,8,16,15,14,16,26,24,12,15,22,16,7,26,24,113.7,99.66,2022-23,ORL
1610612755,Philadelphia 76ers,82,54,28,0.659,3976.0,3347,6870,0.487,1035,2675,0.387,1719,2058,0.835,715,2641,3356,2063,1121.0,635,389,380,1675,1607,9448,354.0,1,3,3,3,5,24,30,6,12,16,1,1,5,1,27,22,26,16,13,8,13,16,19,20,14,3,112.7,97.44,2022-23,PHI
1610612756,Phoenix Suns,82,45,37,0.549,3956.0,3453,7388,0.467,1001,2674,0.374,1412,1781,0.793,971,2657,3628,2235,1110.0,585,432,327,1739,1629,9319,170.0,1,9,9,9,22,15,9,23,13,17,7,26,27,10,5,19,11,4,11,16,5,7,26,18,17,9,112.3,98.83,2022-23,PHX
1610612757,Portland Trail Blazers,82,33,49,0.402,3946.0,3317,7001,0.474,1056,2893,0.365,1609,2021,0.796,774,2551,3325,1981,1185.0,553,376,352,1643,1679,9299,-329.0,1,26,26,26,29,27,25,17,8,9,14,5,9,8,24,28,28,22,19,24,17,12,14,8,19,26,118.0,99.25,2022-23,POR
1610612758,Sacramento Kings,82,48,34,0.585,3966.0,3573,7232,0.494,1128,3060,0.369,1624,2055,0.79,782,2699,3481,2237,1106.0,574,275,341,1616,1711,9898,217.0,1,7,7,7,12,4,16,2,5,6,9,3,7,12,23,15,20,3,9,20,29,9,11,4,1,8,116.0,100.99,2022-23,SAC
1610612759,San Antonio Spurs,82,22,60,0.268,3971.0,3533,7593,0.465,911,2640,0.345,1292,1739,0.743,965,2619,3584,2232,1253.0,572,322,431,1630,1516,9269,-823.0,1,28,28,28,8,6,1,25,22,20,26,30,29,28,7,23,12,5,26,22,26,25,12,29,23,30,119.6,102.07,2022-23,SAS
1610612761,Toronto Raptors,82,41,41,0.5,3961.0,3434,7489,0.459,880,2626,0.335,1506,1922,0.784,1043,2485,3528,1961,956.0,772,424,376,1641,1604,9254,121.0,1,17,17,17,18,19,5,27,28,21,28,17,18,17,2,30,18,23,1,1,9,15,13,22,24,12,113.1,97.85,2022-23,TOR
1610612762,Utah Jazz,82,37,45,0.451,3961.0,3485,7365,0.473,1094,3099,0.353,1536,1955,0.786,968,2794,3762,2129,1259.0,500,429,405,1679,1679,9600,-77.0,1,22,22,22,18,12,10,18,7,5,20,13,12,14,6,6,5,10,28,30,7,19,21,8,7,22,116.0,101.02,2022-23,UTA
1610612764,Washington Wizards,82,35,47,0.427,3951.0,3456,7127,0.485,925,2601,0.356,1442,1838,0.785,774,2804,3578,2083,1158.0,561,424,406,1539,1590,9279,-99.0,1,23,23,23,25,14,20,8,21,23,18,22,22,15,24,5,15,14,16,23,9,20,5,24,21,23,114.9,99.16,2022-23,WAS
1610612737,Atlanta Hawks,82,36,46,0.439,3971.0,3529,7584,0.465,1125,3092,0.364,1520,1906,0.797,1024,2639,3663,2180,1110.0,615,369,461,1522,1594,9703,-179.0,1,21,21,21,3,10,2,21,6,7,17,5,7,8,3,22,6,16,16,16,26,22,15,7,5,21,118.4,100.84,2023-24,ATL
1610612738,Boston Celtics,82,64,18,0.78,3966.0,3601,7396,0.487,1351,3482,0.388,1334,1654,0.807,876,2923,3799,2207,979.0,557,538,304,1326,1416,9887,930.0,1,1,1,1,7,4,8,8,1,1,2,19,26,7,14,1,2,14,1,27,1,1,2,30,2,1,110.6,97.98,2023-24,BOS
1610612751,Brooklyn Nets,82,32,50,0.39,3961.0,3334,7307,0.456,1089,3010,0.362,1293,1711,0.756,938,2675,3613,2102,1076.0,556,424,409,1516,1496,9050,-237.0,1,22,22,22,10,25,16,28,9,9,19,23,20,28,7,20,11,20,12,28,12,16,13,21,25,22,115.4,97.56,2023-24,BKN
1610612766,Charlotte Hornets,82,21,61,0.256,3946.0,3281,7133,0.46,989,2788,0.355,1189,1512,0.786,765,2538,3303,2033,1129.0,562,371,396,1472,1432,8740,-840.0,1,27,27,27,23,27,25,26,23,17,21,30,30,11,27,29,30,26,18,25,25,13,7,29,28,30,119.2,97.81,2023-24,CHA
1610612741,Chicago Bulls,82,39,43,0.476,3996.0,3448,7339,0.47,941,2630,0.358,1369,1731,0.791,916,2677,3593,2048,1004.0,638,394,404,1541,1538,9206,-118.0,1,20,20,20,1,16,13,18,27,26,20,17,18,10,8,19,14,23,3,9,18,14,17,14,22,20,115.7,96.94,2023-24,CHI
1610612739,Cleveland Cavaliers,82,48,34,0.585,3961.0,3425,7147,0.479,1108,3016,0.367,1278,1671,0.765,807,2742,3549,2299,1112.0,605,380,410,1436,1536,9236,198.0,1,11,11,11,10,19,24,12,7,8,15,26,24,22,22,11,17,8,17,19,21,17,5,16,20,13,112.1,97.62,2023-24,CLE
1610612742,Dallas Mavericks,82,50,32,0.61,3941.0,3535,7352,0.481,1197,3242,0.369,1397,1842,0.758,797,2724,3521,2106,1027.0,563,406,331,1500,1667,9664,181.0,1,6,6,6,26,9,12,11,3,2,13,15,11,27,23,14,21,19,4,24,17,2,10,2,7,14,114.9,100.6,2023-24,DAL
1610612743,Denver Nuggets,82,57,25,0.695,3941.0,3610,7279,0.496,958,2560,0.374,1240,1628,0.762,881,2762,3643,2415,1036.0,585,456,394,1489,1467,9418,431.0,1,2,2,2,26,3,17,4,25,30,10,29,29,25,13,9,7,3,5,21,10,12,9,26,14,4,112.3,97.43,2023-24,DEN
1610612765,Detroit Pistons,82,14,68,0.171,3951.0,3353,7236,0.463,906,2602,0.348,1398,1780,0.785,861,2692,3553,2088,1248.0,531,384,490,1688,1457,9010,-747.0,1,30,30,30,21,24,20,24,29,27,26,14,15,12,15,18,16,22,28,30,20,25,28,28,27,28,118.0,100.45,2023-24,DET
1610612744,Golden State Warriors,82,46,36,0.561,3966.0,3582,7515,0.477,1211,3191,0.38,1282,1644,0.78,996,2834,3830,2402,1174.0,572,377,407,1598,1471,9657,214.0,1,16,16,16,7,5,3,13,2,4,7,24,27,17,5,4,1,4,23,23,23,15,22,24,8,12,114.5,99.91,2023-24,GSW
1610612745,Houston Rockets,82,41,41,0.5,3971.0,3425,7459,0.459,1043,2964,0.352,1482,1916,0.773,940,2787,3727,2035,1045.0,639,375,482,1702,1609,9375,92.0,1,19,19,19,3,19,5,27,14,12,23,9,5,20,6,6,3,25,8,8,24,24,29,6,16,18,112.8,99.59,2023-24,HOU
1610612754,Indiana Pacers,82,47,35,0.573,3941.0,3855,7599,0.507,1082,2891,0.374,1318,1685,0.782,827,2578,3405,2522,1059.0,631,481,440,1756,1501,10110,250.0,1,12,12,12,26,1,1,1,11,15,9,21,22,13,20,28,28,1,9,11,8,21,30,20,1,9,117.6,102.16,2023-24,IND
1610612746,LA Clippers,82,51,31,0.622,3941.0,3473,7108,0.489,1036,2719,0.381,1499,1817,0.825,822,2701,3523,2097,1078.0,640,413,384,1519,1537,9481,269.0,1,5,5,5,26,14,26,6,16,21,6,8,12,3,21,17,19,21,13,7,15,9,14,15,12,7,114.6,97.93,2023-24,
1610612747,Los Angeles Lakers,82,47,35,0.573,3971.0,3580,7177,0.499,969,2572,0.377,1550,1983,0.782,676,2859,3535,2340,1146.0,605,453,390,1283,1619,9679,49.0,1,12,12,12,3,6,22,2,24,28,8,2,2,15,30,2,18,5,19,19,11,11,1,4,6,19,114.8,101.38,2023-24,LAL
1610612763,Memphis Grizzlies,82,27,55,0.329,3956.0,3145,7229,0.435,1071,3097,0.346,1316,1722,0.764,896,2598,3494,2025,1236.0,673,501,535,1563,1539,8677,-574.0,1,24,24,24,17,30,21,30,12,6,29,22,19,23,10,27,24,27,26,4,4,30,20,13,30,26,113.7,98.68,2023-24,MEM
1610612748,Miami Heat,82,46,36,0.561,3951.0,3266,7022,0.465,1022,2765,0.37,1478,1806,0.818,766,2702,3468,2116,1038.0,617,280,388,1415,1550,9032,144.0,1,16,16,16,21,28,28,22,19,18,12,10,13,5,26,16,26,18,6,15,30,10,4,11,26,16,111.5,96.88,2023-24,MIA
1610612749,Milwaukee Bucks,82,49,33,0.598,3961.0,3538,7258,0.487,1163,3122,0.373,1517,1960,0.774,772,2850,3622,2176,1059.0,558,413,347,1574,1576,9756,215.0,1,8,8,8,10,8,19,7,5,5,11,7,3,19,24,3,9,17,9,26,15,3,21,9,4,11,115.0,100.51,2023-24,MIL
1610612750,Minnesota Timberwolves,82,56,26,0.683,3961.0,3383,6974,0.485,1037,2681,0.387,1461,1881,0.777,770,2807,3577,2184,1162.0,647,497,371,1544,1630,9264,529.0,1,4,4,4,10,23,29,10,15,23,3,11,8,18,25,5,15,15,22,6,5,5,18,3,18,3,108.4,97.79,2023-24,MIN
1610612740,New Orleans Pelicans,82,49,33,0.598,3941.0,3484,7165,0.486,1023,2673,0.383,1445,1873,0.771,852,2753,3605,2210,1067.0,684,378,424,1508,1507,9436,362.0,1,8,8,8,26,12,23,9,18,24,4,13,9,21,17,10,13,13,11,3,22,19,11,18,13,6,111.9,98.7,2023-24,NOP
1610612752,New York Knicks,82,50,32,0.61,3946.0,3385,7272,0.465,1083,2936,0.369,1396,1789,0.78,1039,2665,3704,1998,1085.0,612,336,431,1447,1565,9249,376.0,1,6,6,6,23,22,18,20,10,13,14,16,14,16,1,21,5,29,15,17,29,20,6,10,19,5,112.4,95.96,2023-24,NYK
1610612760,Oklahoma City Thunder,82,57,25,0.695,3961.0,3653,7324,0.499,1090,2805,0.389,1451,1759,0.825,722,2725,3447,2223,1039.0,694,538,419,1545,1548,9847,608.0,1,2,2,2,10,2,15,3,8,16,1,12,17,4,29,12,27,11,7,1,1,18,19,12,3,2,111.0,100.85,2023-24,OKC
1610612753,Orlando Magic,82,47,35,0.573,3956.0,3318,6964,0.476,903,2568,0.352,1519,2002,0.759,861,2608,3469,2023,1206.0,669,423,379,1618,1710,9058,166.0,1,12,12,12,17,26,30,15,30,29,24,6,1,26,15,25,25,28,24,5,13,7,23,1,24,15,110.8,97.37,2023-24,ORL
1610612755,Philadelphia 76ers,82,47,35,0.573,3956.0,3404,7331,0.464,992,2733,0.363,1597,1934,0.826,906,2616,3522,2041,984.0,694,492,503,1668,1519,9397,250.0,1,12,12,12,17,21,14,23,22,19,18,1,4,2,9,23,20,24,2,1,6,27,27,17,15,9,113.0,98.17,2023-24,PHI
1610612756,Phoenix Suns,82,49,33,0.598,3956.0,3482,7063,0.493,1020,2671,0.382,1548,1915,0.808,831,2783,3614,2218,1221.0,610,492,372,1475,1612,9532,251.0,1,8,8,8,17,13,27,5,20,25,5,3,6,6,19,7,10,12,25,18,6,6,8,5,10,8,113.7,99.0,2023-24,PHX
1610612757,Portland Trail Blazers,82,21,61,0.256,3976.0,3227,7356,0.439,939,2723,0.345,1329,1680,0.791,1036,2469,3505,1894,1249.0,627,354,528,1654,1467,8722,-740.0,1,27,27,27,2,29,10,29,28,20,30,20,23,9,2,30,22,30,29,12,27,28,26,26,29,27,116.6,97.88,2023-24,POR
1610612758,Sacramento Kings,82,46,36,0.561,3971.0,3553,7455,0.477,1178,3219,0.366,1274,1710,0.745,888,2719,3607,2324,1078.0,625,342,370,1632,1504,9558,143.0,1,16,16,16,3,7,6,14,4,3,16,27,21,30,12,15,12,7,13,13,28,4,24,19,9,17,114.4,99.46,2023-24,SAC
1610612759,San Antonio Spurs,82,22,60,0.268,3966.0,3438,7436,0.462,1036,2983,0.347,1280,1637,0.782,849,2778,3627,2449,1242.0,584,520,380,1414,1470,9192,-532.0,1,26,26,26,7,18,7,25,16,11,28,25,28,14,18,8,8,2,27,22,3,8,3,25,23,25,115.6,101.8,2023-24,SAS
1610612761,Toronto Raptors,82,25,57,0.305,3961.0,3466,7356,0.471,942,2712,0.347,1339,1772,0.756,891,2607,3498,2335,1147.0,634,388,474,1509,1487,9213,-528.0,1,25,25,25,10,15,10,16,26,22,27,18,16,29,11,26,23,6,20,10,19,23,12,22,21,24,118.1,99.91,2023-24,TOR
1610612762,Utah Jazz,82,31,51,0.378,3961.0,3443,7371,0.467,1060,2993,0.354,1538,1853,0.83,1002,2725,3727,2232,1285.0,537,458,528,1523,1577,9484,-401.0,1,23,23,23,10,17,9,19,13,10,22,4,10,1,4,12,3,10,30,29,9,28,16,8,11,23,119.6,100.26,2023-24,UTA
1610612764,Washington Wizards,82,15,67,0.183,3946.0,3523,7493,0.47,1015,2915,0.348,1266,1657,0.764,755,2613,3368,2290,1147.0,623,415,496,1637,1473,9327,-762.0,1,29,29,29,23,11,4,17,21,14,25,28,25,24,28,24,29,9,20,14,14,26,25,23,17,29,118.9,103.07,2023-24,WAS
1610612737,Atlanta Hawks,82,40,42,0.488,3956.0,3556,7528,0.472,1107,3089,0.358,1472,1900,0.775,974,2675,3649,2426,1273.0,798,419,403,1564,1563,9691,-93.0,1,16,16,16,14,6,5,14,14,15,18,3,4,18,9,23,14,2,26,2,12,15,22,8,5,18,114.8,103.41,2024-25,ATL
1610612738,Boston Celtics,82,61,21,0.744,3966.0,3413,7382,0.462,1457,3955,0.368,1251,1565,0.799,933,2783,3716,2144,973.0,589,452,295,1303,1438,9534,747.0,1,3,3,3,6,16,11,19,1,1,10,30,30,6,10,7,8,16,2,29,5,1,2,27,8,3,110.1,96.59,2024-25,BOS
1610612751,Brooklyn Nets,82,26,56,0.317,3956.0,3086,7060,0.437,1113,3232,0.344,1334,1696,0.787,894,2493,3387,2063,1244.0,639,352,457,1698,1550,8619,-583.0,1,25,25,25,14,30,28,29,13,8,25,23,23,11,18,29,29,24,23,20,26,27,28,14,29,26,115.4,96.73,2024-25,BKN
1610612766,Charlotte Hornets,82,19,63,0.232,3951.0,3142,7308,0.43,1065,3143,0.339,1269,1621,0.783,1003,2703,3706,1994,1271.0,607,368,435,1535,1488,8618,-747.0,1,28,28,28,18,28,19,30,18,11,28,29,28,14,6,16,9,26,25,26,21,23,16,22,30,27,115.7,98.22,2024-25,CHA
1610612741,Chicago Bulls,82,39,43,0.476,3951.0,3543,7545,0.47,1266,3447,0.367,1308,1617,0.809,825,2935,3760,2383,1203.0,621,386,417,1444,1374,9660,-128.0,1,18,18,18,18,8,4,15,3,3,13,27,29,3,25,1,3,5,20,24,18,18,6,30,6,20,114.8,103.61,2024-25,CHI
1610612739,Cleveland Cavaliers,82,64,18,0.78,3951.0,3652,7444,0.491,1303,3401,0.383,1392,1793,0.776,917,2806,3723,2304,1082.0,670,350,361,1487,1553,9999,782.0,1,2,2,2,18,4,7,2,2,4,2,15,15,17,13,5,6,9,3,14,27,8,11,11,1,2,111.8,100.31,2024-25,CLE
1610612742,Dallas Mavericks,82,39,43,0.476,3946.0,3443,7194,0.479,1020,2801,0.364,1458,1894,0.77,828,2702,3530,2070,1151.0,636,445,375,1458,1532,9364,-98.0,1,18,18,18,23,13,21,10,26,26,15,6,6,24,24,17,23,22,13,21,7,12,8,16,15,19,115.0,100.15,2024-25,DAL
1610612743,Denver Nuggets,82,50,32,0.61,3971.0,3724,7360,0.506,984,2619,0.376,1470,1909,0.77,919,2832,3751,2542,1169.0,656,402,420,1444,1562,9902,319.0,1,6,6,6,4,1,16,1,28,30,5,4,1,23,12,3,4,1,17,17,15,19,6,9,3,9,115.1,100.67,2024-25,DEN
1610612765,Detroit Pistons,82,44,38,0.537,3961.0,3503,7363,0.476,1051,2901,0.362,1414,1826,0.774,931,2739,3670,2165,1219.0,652,431,413,1695,1551,9471,156.0,1,14,14,14,9,10,14,13,20,22,17,11,11,20,11,12,13,15,21,19,9,17,27,13,12,13,112.5,100.27,2024-25,DET
1610612744,Golden State Warriors,82,48,34,0.585,3946.0,3342,7412,0.451,1264,3475,0.364,1383,1811,0.764,1029,2692,3721,2386,1152.0,771,391,441,1571,1523,9331,271.0,1,11,11,11,23,21,8,25,4,2,16,17,13,25,5,19,7,4,14,4,17,24,23,18,17,10,111.0,99.37,2024-25,GSW
1610612745,Houston Rockets,82,52,30,0.634,3956.0,3484,7659,0.455,1038,2938,0.353,1366,1851,0.738,1200,2774,3974,1914,1139.0,689,411,467,1557,1577,9372,370.0,1,4,4,4,14,11,1,21,22,20,21,20,8,30,1,8,1,28,11,10,13,28,20,5,13,7,110.3,99.03,2024-25,HOU
1610612754,Indiana Pacers,82,50,32,0.61,3971.0,3574,7326,0.488,1081,2934,0.368,1395,1768,0.789,752,2678,3430,2398,1082.0,694,448,366,1533,1541,9624,183.0,1,6,6,6,4,5,17,3,16,21,9,14,18,9,29,22,28,3,3,9,6,10,15,15,7,12,113.3,100.76,2024-25,IND
1610612746,LA Clippers,82,50,32,0.61,3961.0,3409,7075,0.482,1022,2738,0.373,1416,1776,0.797,841,2750,3591,2064,1220.0,773,370,352,1503,1458,9256,382.0,1,6,6,6,9,17,26,6,25,29,7,10,17,7,23,10,17,23,22,3,20,6,14,26,20,6,109.4,98.24,2024-25,
1610612747,Los Angeles Lakers,82,50,32,0.61,3946.0,3356,7007,0.479,1092,2981,0.366,1494,1902,0.785,792,2687,3479,2131,1145.0,633,367,344,1415,1576,9298,100.0,1,6,6,6,23,20,30,9,15,19,14,2,3,13,27,20,26,18,12,22,22,4,5,6,19,14,113.8,98.34,2024-25,LAL
1610612763,Memphis Grizzlies,82,48,34,0.585,3941.0,3670,7654,0.479,1141,3106,0.367,1499,1908,0.786,1056,2819,3875,2330,1285.0,726,462,450,1711,1653,9980,398.0,1,11,11,11,29,2,2,8,11,13,11,1,2,12,3,4,2,8,28,7,3,25,29,2,2,5,112.6,103.69,2024-25,MEM
1610612748,Miami Heat,82,37,45,0.451,3986.0,3318,7138,0.465,1124,3060,0.367,1309,1654,0.791,798,2760,3558,2166,1114.0,668,314,382,1275,1390,9069,46.0,1,20,20,20,1,24,24,18,12,16,12,26,27,8,26,9,21,14,8,15,30,13,1,29,24,15,112.0,97.08,2024-25,MIA
1610612749,Milwaukee Bucks,82,48,34,0.585,3951.0,3445,7082,0.486,1161,3003,0.387,1421,1895,0.75,674,2882,3556,2090,1097.0,601,384,315,1469,1552,9472,203.0,1,11,11,11,18,12,25,4,8,18,1,8,5,28,30,2,22,21,7,27,19,2,9,12,11,11,112.7,99.92,2024-25,MIL
1610612750,Minnesota Timberwolves,82,49,33,0.598,3966.0,3364,7182,0.468,1233,3269,0.377,1411,1789,0.789,908,2726,3634,2142,1186.0,654,406,368,1498,1571,9372,410.0,1,10,10,10,6,19,22,16,5,5,4,12,16,10,15,13,15,17,18,18,14,11,12,7,13,4,110.8,97.95,2024-25,MIN
1610612740,New Orleans Pelicans,82,21,61,0.256,3951.0,3332,7368,0.452,986,2839,0.347,1356,1799,0.754,993,2583,3576,2119,1201.0,701,429,428,1499,1471,9006,-773.0,1,27,27,27,18,22,13,24,27,25,24,22,14,27,7,26,20,19,19,8,10,21,13,25,25,29,119.1,99.77,2024-25,NOP
1610612752,New York Knicks,82,51,31,0.622,3976.0,3553,7315,0.486,1031,2794,0.369,1357,1696,0.8,890,2607,3497,2254,1088.0,671,324,406,1407,1554,9494,336.0,1,5,5,5,2,7,18,5,24,27,8,21,23,5,19,25,24,11,5,13,29,16,4,10,9,8,113.3,97.64,2024-25,NYK
1610612760,Oklahoma City Thunder,82,68,14,0.829,3941.0,3660,7600,0.482,1192,3184,0.374,1369,1672,0.819,871,2801,3672,2202,961.0,847,465,392,1631,1485,9881,1055.0,1,1,1,1,29,3,3,7,6,10,6,19,26,1,20,6,11,12,1,1,2,14,25,23,4,1,106.6,100.9,2024-25,OKC
1610612753,Orlando Magic,82,41,41,0.5,3946.0,3130,7034,0.445,921,2892,0.318,1464,1890,0.775,914,2517,3431,1887,1165.0,729,488,361,1648,1666,8645,-10.0,1,15,15,15,23,29,29,27,30,23,30,5,7,19,14,28,27,30,16,6,1,8,26,1,28,17,109.1,96.51,2024-25,ORL
1610612755,Philadelphia 76ers,82,24,58,0.293,3961.0,3254,7168,0.454,1041,3050,0.341,1439,1844,0.78,852,2411,3263,1901,1117.0,752,366,420,1556,1530,8988,-511.0,1,26,26,26,9,26,23,23,21,17,27,7,9,15,22,30,30,29,9,5,23,19,19,17,26,25,117.3,98.13,2024-25,PHI
1610612756,Phoenix Suns,82,36,46,0.439,3966.0,3381,7075,0.478,1176,3112,0.378,1379,1702,0.81,783,2701,3484,2277,1153.0,593,392,329,1471,1509,9317,-246.0,1,21,21,21,6,18,26,11,7,12,3,18,22,2,28,18,25,10,15,28,16,3,10,20,18,23,117.7,98.31,2024-25,PHX
1610612757,Portland Trail Blazers,82,36,46,0.439,3956.0,3325,7396,0.45,1057,3095,0.342,1386,1820,0.762,1095,2576,3671,1952,1309.0,678,433,453,1558,1581,9093,-244.0,1,21,21,21,14,23,9,26,19,14,26,16,12,26,2,27,12,27,29,11,8,26,21,3,22,22,113.7,99.51,2024-25,POR
1610612758,Sacramento Kings,82,40,42,0.488,3976.0,3529,7385,0.478,1032,2887,0.357,1400,1738,0.806,901,2723,3624,2169,1092.0,620,357,350,1548,1515,9490,39.0,1,16,16,16,2,9,10,12,23,24,19,13,19,4,16,14,16,13,6,25,25,5,17,19,10,16,115.3,98.91,2024-25,SAC
1610612759,San Antonio Spurs,82,34,48,0.415,3946.0,3426,7362,0.465,1158,3246,0.357,1332,1721,0.774,896,2685,3581,2348,1138.0,674,455,356,1363,1428,9342,-226.0,1,23,23,23,23,14,15,17,9,7,20,24,21,21,17,21,19,6,10,12,4,7,3,28,16,21,116.3,100.08,2024-25,SAS
1610612761,Toronto Raptors,82,30,52,0.366,3961.0,3414,7462,0.458,969,2786,0.348,1294,1729,0.748,1034,2666,3700,2340,1257.0,664,348,484,1738,1484,9091,-352.0,1,24,24,24,9,15,6,20,29,28,23,28,20,29,4,24,10,7,24,16,28,29,30,24,23,24,113.6,100.62,2024-25,TOR
1610612762,Utah Jazz,82,17,65,0.207,3961.0,3305,7272,0.454,1144,3267,0.35,1421,1836,0.774,983,2741,3724,2093,1412.0,555,360,527,1549,1580,9175,-766.0,1,30,30,30,9,25,20,22,10,6,22,8,10,22,8,11,5,20,30,30,24,30,18,4,21,28,119.4,100.85,2024-25,UTA
1610612764,Washington Wizards,82,18,64,0.22,3946.0,3233,7371,0.439,1075,3210,0.335,1315,1690,0.778,867,2716,3583,2058,1276.0,623,420,428,1618,1490,8856,-1020.0,1,29,29,29,23,27,12,28,17,9,29,25,25,16,21,15,18,25,27,23,11,21,24,21,27,30,118.0,101.82,2024-25,WAS
